request_id,output_id,overall_status,failed_controls,review_controls
REQ-0001,OUT-0001,pass,,
REQ-0002,OUT-0002,fail,CONSENT_EXISTS,
REQ-0003,OUT-0003,pass,,
REQ-0004,OUT-0004,pass,,
REQ-0005,OUT-0005,pass,,
REQ-0006,OUT-0006,pass,,
REQ-0007,OUT-0007,pass,,
REQ-0008,OUT-0008,pass,,
REQ-0009,OUT-0009,review,,CONTENT_SAFETY
REQ-0010,OUT-0010,pass,,
REQ-0011,OUT-0011,review,,COMPLAINT_HANDLING
REQ-0012,OUT-0012,pass,,
REQ-0013,OUT-0013,pass,,
REQ-0014,OUT-0014,pass,,
REQ-0015,OUT-0015,pass,,
REQ-0016,OUT-0016,review,,"AIGC_VISIBLE_LABEL,COMPLAINT_HANDLING"
REQ-0017,OUT-0017,pass,,
REQ-0018,OUT-0018,pass,,
REQ-0019,OUT-0019,pass,,
REQ-0020,OUT-0020,review,,AIGC_VISIBLE_LABEL
REQ-0021,OUT-0021,pass,,
REQ-0022,OUT-0022,fail,CONSENT_SCOPE_USAGE,
REQ-0023,OUT-0023,pass,,
REQ-0024,OUT-0024,pass,,
REQ-0025,OUT-0025,pass,,
REQ-0026,OUT-0026,pass,,
REQ-0027,OUT-0027,pass,,
REQ-0028,OUT-0028,pass,,
REQ-0029,OUT-0029,pass,,
REQ-0030,OUT-0030,pass,,
REQ-0031,OUT-0031,fail,CONSENT_EXISTS,
REQ-0032,OUT-0032,pass,,
REQ-0033,OUT-0033,pass,,
REQ-0034,OUT-0034,fail,MODEL_FILING,
REQ-0035,OUT-0035,pass,,
REQ-0036,OUT-0036,pass,,
REQ-0037,OUT-0037,review,,CONTENT_SAFETY
REQ-0038,OUT-0038,pass,,
REQ-0039,OUT-0039,pass,,
REQ-0040,OUT-0040,fail,AIGC_INVISIBLE_LABEL,
REQ-0041,OUT-0041,pass,,
REQ-0042,OUT-0042,pass,,
REQ-0043,OUT-0043,pass,,
REQ-0044,OUT-0044,pass,,
REQ-0045,OUT-0045,pass,,
REQ-0046,OUT-0046,pass,,
REQ-0047,OUT-0047,pass,,
REQ-0048,OUT-0048,pass,,
REQ-0049,OUT-0049,pass,,
REQ-0050,OUT-0050,pass,,
REQ-0051,OUT-0051,pass,,
REQ-0052,OUT-0052,pass,,
REQ-0053,OUT-0053,pass,,
REQ-0054,OUT-0054,fail,CONTENT_SAFETY,
REQ-0055,OUT-0055,pass,,
REQ-0056,OUT-0056,pass,,
REQ-0057,OUT-0057,pass,,
REQ-0058,OUT-0058,review,,AIGC_VISIBLE_LABEL
REQ-0059,OUT-0059,pass,,
REQ-0060,OUT-0060,pass,,
REQ-0061,OUT-0061,pass,,
REQ-0062,OUT-0062,pass,,
REQ-0063,OUT-0063,pass,,
REQ-0064,OUT-0064,pass,,
REQ-0065,OUT-0065,pass,,
REQ-0066,OUT-0066,pass,,
REQ-0067,OUT-0067,pass,,
REQ-0068,OUT-0068,pass,,
REQ-0069,OUT-0069,pass,,
REQ-0070,OUT-0070,pass,,
REQ-0071,OUT-0071,pass,,
REQ-0072,OUT-0072,pass,,
REQ-0073,OUT-0073,pass,,
REQ-0074,OUT-0074,pass,,
REQ-0075,OUT-0075,pass,,
REQ-0076,OUT-0076,pass,,
REQ-0077,OUT-0077,pass,,
REQ-0078,OUT-0078,fail,COMPLAINT_HANDLING,
REQ-0079,OUT-0079,pass,,
REQ-0080,OUT-0080,pass,,
REQ-0081,OUT-0081,pass,,
REQ-0082,OUT-0082,pass,,
REQ-0083,OUT-0083,pass,,
REQ-0084,OUT-0084,pass,,
REQ-0085,OUT-0085,fail,CONSENT_EXISTS,
REQ-0086,OUT-0086,pass,,
REQ-0087,OUT-0087,pass,,
REQ-0088,OUT-0088,pass,,
REQ-0089,OUT-0089,fail,CONSENT_EXISTS,
REQ-0090,OUT-0090,pass,,
REQ-0091,OUT-0091,pass,,
REQ-0092,OUT-0092,pass,,
REQ-0093,OUT-0093,pass,,
REQ-0094,OUT-0094,pass,,
REQ-0095,OUT-0095,pass,,
REQ-0096,OUT-0096,pass,,
REQ-0097,OUT-0097,pass,,
REQ-0098,OUT-0098,pass,,
REQ-0099,OUT-0099,pass,,
REQ-0100,OUT-0100,pass,,
REQ-0101,OUT-0101,pass,,
REQ-0102,OUT-0102,pass,,
REQ-0103,OUT-0103,review,,"CONTENT_SAFETY,COMPLAINT_HANDLING"
REQ-0104,OUT-0104,review,,CONTENT_SAFETY
REQ-0105,OUT-0105,pass,,
REQ-0106,OUT-0106,fail,CONTENT_SAFETY,
REQ-0107,OUT-0107,pass,,
REQ-0108,OUT-0108,pass,,
REQ-0109,OUT-0109,pass,,
REQ-0110,OUT-0110,review,,AIGC_VISIBLE_LABEL
REQ-0111,OUT-0111,pass,,
REQ-0112,OUT-0112,pass,,
REQ-0113,OUT-0113,pass,,
REQ-0114,OUT-0114,pass,,
REQ-0115,OUT-0115,pass,,
REQ-0116,OUT-0116,pass,,
REQ-0117,OUT-0117,pass,,
REQ-0118,OUT-0118,pass,,
REQ-0119,OUT-0119,review,,AIGC_VISIBLE_LABEL
REQ-0120,OUT-0120,review,,CONTENT_SAFETY
REQ-0121,OUT-0121,pass,,
REQ-0122,OUT-0122,pass,,
REQ-0123,OUT-0123,pass,,
REQ-0124,OUT-0124,pass,,
REQ-0125,OUT-0125,pass,,
REQ-0126,OUT-0126,review,,AIGC_VISIBLE_LABEL
REQ-0127,OUT-0127,pass,,
REQ-0128,OUT-0128,pass,,
REQ-0129,OUT-0129,pass,,
REQ-0130,OUT-0130,pass,,
REQ-0131,OUT-0131,pass,,
REQ-0132,OUT-0132,pass,,
REQ-0133,OUT-0133,pass,,
REQ-0134,OUT-0134,review,,AIGC_VISIBLE_LABEL
REQ-0135,OUT-0135,pass,,
REQ-0136,OUT-0136,pass,,
REQ-0137,OUT-0137,pass,,
REQ-0138,OUT-0138,pass,,
REQ-0139,OUT-0139,pass,,
REQ-0140,OUT-0140,fail,CONSENT_EXISTS,
REQ-0141,OUT-0141,pass,,
REQ-0142,OUT-0142,pass,,
REQ-0143,OUT-0143,pass,,
REQ-0144,OUT-0144,pass,,
REQ-0145,OUT-0145,pass,,
REQ-0146,OUT-0146,review,,AIGC_VISIBLE_LABEL
REQ-0147,OUT-0147,pass,,
REQ-0148,OUT-0148,review,,AIGC_VISIBLE_LABEL
REQ-0149,OUT-0149,pass,,
REQ-0150,OUT-0150,pass,,
REQ-0151,OUT-0151,review,,AIGC_VISIBLE_LABEL
REQ-0152,OUT-0152,pass,,
REQ-0153,OUT-0153,pass,,
REQ-0154,OUT-0154,pass,,
REQ-0155,OUT-0155,pass,,
REQ-0156,OUT-0156,pass,,
REQ-0157,OUT-0157,pass,,
REQ-0158,OUT-0158,pass,,
REQ-0159,OUT-0159,pass,,
REQ-0160,OUT-0160,pass,,
REQ-0161,OUT-0161,pass,,
REQ-0162,OUT-0162,review,,CONTENT_SAFETY
REQ-0163,OUT-0163,pass,,
REQ-0164,OUT-0164,pass,,
REQ-0165,OUT-0165,pass,,
REQ-0166,OUT-0166,pass,,
REQ-0167,OUT-0167,pass,,
REQ-0168,OUT-0168,pass,,
REQ-0169,OUT-0169,review,,CONTENT_SAFETY
REQ-0170,OUT-0170,pass,,
REQ-0171,OUT-0171,pass,,
REQ-0172,OUT-0172,pass,,
REQ-0173,OUT-0173,pass,,
REQ-0174,OUT-0174,pass,,
REQ-0175,OUT-0175,pass,,
REQ-0176,OUT-0176,review,,CONTENT_SAFETY
REQ-0177,OUT-0177,pass,,
REQ-0178,OUT-0178,review,,AIGC_VISIBLE_LABEL
REQ-0179,OUT-0179,pass,,
REQ-0180,OUT-0180,pass,,
REQ-0181,OUT-0181,pass,,
REQ-0182,OUT-0182,pass,,
REQ-0183,OUT-0183,pass,,
REQ-0184,OUT-0184,pass,,
REQ-0185,OUT-0185,pass,,
REQ-0186,OUT-0186,pass,,
REQ-0187,OUT-0187,pass,,
REQ-0188,OUT-0188,pass,,
REQ-0189,OUT-0189,pass,,
REQ-0190,OUT-0190,fail,CONSENT_SCOPE_USAGE,
REQ-0191,OUT-0191,pass,,
REQ-0192,OUT-0192,pass,,
REQ-0193,OUT-0193,pass,,
REQ-0194,OUT-0194,pass,,
REQ-0195,OUT-0195,pass,,
REQ-0196,OUT-0196,pass,,
REQ-0197,OUT-0197,review,,AIGC_VISIBLE_LABEL
REQ-0198,OUT-0198,pass,,
REQ-0199,OUT-0199,pass,,
REQ-0200,OUT-0200,review,,CONTENT_SAFETY
REQ-0201,OUT-0201,pass,,
REQ-0202,OUT-0202,pass,,
REQ-0203,OUT-0203,pass,,
REQ-0204,OUT-0204,fail,CONTENT_SAFETY,
REQ-0205,OUT-0205,fail,"CONSENT_SCOPE_USAGE,COMPLAINT_HANDLING",
REQ-0206,OUT-0206,pass,,
REQ-0207,OUT-0207,fail,CONSENT_SCOPE_USAGE,
REQ-0208,OUT-0208,pass,,
REQ-0209,OUT-0209,pass,,
REQ-0210,OUT-0210,review,,CONTENT_SAFETY
REQ-0211,OUT-0211,review,,CONTENT_SAFETY
REQ-0212,OUT-0212,pass,,
REQ-0213,OUT-0213,fail,CONTENT_SAFETY,
REQ-0214,OUT-0214,pass,,
REQ-0215,OUT-0215,pass,,
REQ-0216,OUT-0216,pass,,
REQ-0217,OUT-0217,pass,,
REQ-0218,OUT-0218,pass,,
REQ-0219,OUT-0219,pass,,
REQ-0220,OUT-0220,pass,,
REQ-0221,OUT-0221,fail,CONSENT_EXISTS,
REQ-0222,OUT-0222,pass,,
REQ-0223,OUT-0223,pass,,
REQ-0224,OUT-0224,pass,,
REQ-0225,OUT-0225,pass,,
REQ-0226,OUT-0226,pass,,
REQ-0227,OUT-0227,pass,,
REQ-0228,OUT-0228,pass,,
REQ-0229,OUT-0229,review,,CONTENT_SAFETY
REQ-0230,OUT-0230,pass,,
REQ-0231,OUT-0231,review,,AIGC_VISIBLE_LABEL
REQ-0232,OUT-0232,review,,"CONTENT_SAFETY,COMPLAINT_HANDLING"
REQ-0233,OUT-0233,pass,,
REQ-0234,OUT-0234,pass,,
REQ-0235,OUT-0235,pass,,
REQ-0236,OUT-0236,pass,,
REQ-0237,OUT-0237,fail,CONSENT_EXISTS,
REQ-0238,OUT-0238,pass,,
REQ-0239,OUT-0239,review,,AIGC_VISIBLE_LABEL
REQ-0240,OUT-0240,pass,,
REQ-0241,OUT-0241,pass,,
REQ-0242,OUT-0242,pass,,
REQ-0243,OUT-0243,pass,,
REQ-0244,OUT-0244,pass,,
REQ-0245,OUT-0245,pass,,
REQ-0246,OUT-0246,fail,CONTENT_SAFETY,
REQ-0247,OUT-0247,pass,,
REQ-0248,OUT-0248,pass,,
REQ-0249,OUT-0249,pass,,
REQ-0250,OUT-0250,pass,,
REQ-0251,OUT-0251,review,,CONTENT_SAFETY
REQ-0252,OUT-0252,pass,,
REQ-0253,OUT-0253,pass,,
REQ-0254,OUT-0254,fail,MODEL_FILING,
REQ-0255,OUT-0255,review,,AIGC_VISIBLE_LABEL
REQ-0256,OUT-0256,review,,AIGC_VISIBLE_LABEL
REQ-0257,OUT-0257,review,,CONTENT_SAFETY
REQ-0258,OUT-0258,pass,,
REQ-0259,OUT-0259,pass,,
REQ-0260,OUT-0260,pass,,
REQ-0261,OUT-0261,pass,,
REQ-0262,OUT-0262,pass,,
REQ-0263,OUT-0263,pass,,
REQ-0264,OUT-0264,fail,AIGC_INVISIBLE_LABEL,
REQ-0265,OUT-0265,pass,,
REQ-0266,OUT-0266,review,,CONTENT_SAFETY
REQ-0267,OUT-0267,pass,,
REQ-0268,OUT-0268,pass,,
REQ-0269,OUT-0269,pass,,
REQ-0270,OUT-0270,pass,,
REQ-0271,OUT-0271,pass,,
REQ-0272,OUT-0272,pass,,
REQ-0273,OUT-0273,pass,,
REQ-0274,OUT-0274,pass,,
REQ-0275,OUT-0275,pass,,
REQ-0276,OUT-0276,pass,,
REQ-0277,OUT-0277,pass,,
REQ-0278,OUT-0278,pass,,
REQ-0279,OUT-0279,pass,,
REQ-0280,OUT-0280,review,,CONTENT_SAFETY
REQ-0281,OUT-0281,pass,,
REQ-0282,OUT-0282,pass,,
REQ-0283,OUT-0283,pass,,
REQ-0284,OUT-0284,pass,,
REQ-0285,OUT-0285,review,,CONTENT_SAFETY
REQ-0286,OUT-0286,pass,,
REQ-0287,OUT-0287,review,,CONTENT_SAFETY
REQ-0288,OUT-0288,pass,,
REQ-0289,OUT-0289,pass,,
REQ-0290,OUT-0290,pass,,
REQ-0291,OUT-0291,pass,,
REQ-0292,OUT-0292,review,,AIGC_VISIBLE_LABEL
REQ-0293,OUT-0293,pass,,
REQ-0294,OUT-0294,pass,,
REQ-0295,OUT-0295,pass,,
REQ-0296,OUT-0296,pass,,
REQ-0297,OUT-0297,pass,,
REQ-0298,OUT-0298,pass,,
REQ-0299,OUT-0299,pass,,
REQ-0300,OUT-0300,pass,,
REQ-0301,OUT-0301,pass,,
REQ-0302,OUT-0302,pass,,
REQ-0303,OUT-0303,pass,,
REQ-0304,OUT-0304,pass,,
REQ-0305,OUT-0305,pass,,
REQ-0306,OUT-0306,pass,,
REQ-0307,OUT-0307,pass,,
REQ-0308,OUT-0308,pass,,
REQ-0309,OUT-0309,pass,,
REQ-0310,OUT-0310,review,,AIGC_VISIBLE_LABEL
REQ-0311,OUT-0311,fail,CONSENT_SCOPE_USAGE,
REQ-0312,OUT-0312,fail,CONSENT_EXISTS,
REQ-0313,OUT-0313,pass,,
REQ-0314,OUT-0314,pass,,
REQ-0315,OUT-0315,review,,AIGC_VISIBLE_LABEL
REQ-0316,OUT-0316,pass,,
REQ-0317,OUT-0317,pass,,
REQ-0318,OUT-0318,pass,,
REQ-0319,OUT-0319,pass,,
REQ-0320,OUT-0320,pass,,
REQ-0321,OUT-0321,pass,,
REQ-0322,OUT-0322,pass,,
REQ-0323,OUT-0323,pass,,
REQ-0324,OUT-0324,pass,,
REQ-0325,OUT-0325,review,,AIGC_VISIBLE_LABEL
REQ-0326,OUT-0326,review,,CONTENT_SAFETY
REQ-0327,OUT-0327,pass,,
REQ-0328,OUT-0328,pass,,
REQ-0329,OUT-0329,pass,,
REQ-0330,OUT-0330,pass,,
REQ-0331,OUT-0331,review,,AIGC_VISIBLE_LABEL
REQ-0332,OUT-0332,pass,,
REQ-0333,OUT-0333,pass,,
REQ-0334,OUT-0334,pass,,
REQ-0335,OUT-0335,pass,,
REQ-0336,OUT-0336,pass,,
REQ-0337,OUT-0337,pass,,
REQ-0338,OUT-0338,pass,,
REQ-0339,OUT-0339,pass,,
REQ-0340,OUT-0340,pass,,
REQ-0341,OUT-0341,pass,,
REQ-0342,OUT-0342,pass,,
REQ-0343,OUT-0343,pass,,
REQ-0344,OUT-0344,review,,AIGC_VISIBLE_LABEL
REQ-0345,OUT-0345,pass,,
REQ-0346,OUT-0346,pass,,
REQ-0347,OUT-0347,pass,,
REQ-0348,OUT-0348,review,,AIGC_VISIBLE_LABEL
REQ-0349,OUT-0349,pass,,
REQ-0350,OUT-0350,review,,CONTENT_SAFETY
REQ-0351,OUT-0351,pass,,
REQ-0352,OUT-0352,review,,AIGC_VISIBLE_LABEL
REQ-0353,OUT-0353,pass,,
REQ-0354,OUT-0354,pass,,
REQ-0355,OUT-0355,pass,,
REQ-0356,OUT-0356,pass,,
REQ-0357,OUT-0357,review,,AIGC_VISIBLE_LABEL
REQ-0358,OUT-0358,pass,,
REQ-0359,OUT-0359,review,,CONTENT_SAFETY
REQ-0360,OUT-0360,pass,,
REQ-0361,OUT-0361,pass,,
REQ-0362,OUT-0362,pass,,
REQ-0363,OUT-0363,pass,,
REQ-0364,OUT-0364,pass,,
REQ-0365,OUT-0365,fail,CONSENT_EXISTS,
REQ-0366,OUT-0366,pass,,
REQ-0367,OUT-0367,pass,,
REQ-0368,OUT-0368,review,,CONTENT_SAFETY
REQ-0369,OUT-0369,pass,,
REQ-0370,OUT-0370,pass,,
REQ-0371,OUT-0371,pass,,
REQ-0372,OUT-0372,pass,,
REQ-0373,OUT-0373,pass,,
REQ-0374,OUT-0374,pass,,
REQ-0375,OUT-0375,review,,CONTENT_SAFETY
REQ-0376,OUT-0376,pass,,
REQ-0377,OUT-0377,pass,,
REQ-0378,OUT-0378,fail,CONSENT_EXISTS,
REQ-0379,OUT-0379,pass,,
REQ-0380,OUT-0380,pass,,
REQ-0381,OUT-0381,pass,,
REQ-0382,OUT-0382,pass,,
REQ-0383,OUT-0383,fail,AIGC_INVISIBLE_LABEL,
REQ-0384,OUT-0384,pass,,
REQ-0385,OUT-0385,pass,,
REQ-0386,OUT-0386,pass,,
REQ-0387,OUT-0387,pass,,
REQ-0388,OUT-0388,pass,,
REQ-0389,OUT-0389,pass,,
REQ-0390,OUT-0390,pass,,
REQ-0391,OUT-0391,pass,,
REQ-0392,OUT-0392,pass,,
REQ-0393,OUT-0393,pass,,
REQ-0394,OUT-0394,pass,,
REQ-0395,OUT-0395,review,,AIGC_VISIBLE_LABEL
REQ-0396,OUT-0396,pass,,
REQ-0397,OUT-0397,pass,,
REQ-0398,OUT-0398,fail,AIGC_INVISIBLE_LABEL,
REQ-0399,OUT-0399,review,,AIGC_VISIBLE_LABEL
REQ-0400,OUT-0400,pass,,
REQ-0401,OUT-0401,pass,,
REQ-0402,OUT-0402,pass,,
REQ-0403,OUT-0403,pass,,
REQ-0404,OUT-0404,fail,CONTENT_SAFETY,
REQ-0405,OUT-0405,pass,,
REQ-0406,OUT-0406,pass,,
REQ-0407,OUT-0407,review,,AIGC_VISIBLE_LABEL
REQ-0408,OUT-0408,pass,,
REQ-0409,OUT-0409,pass,,
REQ-0410,OUT-0410,pass,,
REQ-0411,OUT-0411,pass,,
REQ-0412,OUT-0412,fail,"CONSENT_EXISTS,COMPLAINT_HANDLING",
REQ-0413,OUT-0413,pass,,
REQ-0414,OUT-0414,pass,,
REQ-0415,OUT-0415,pass,,
REQ-0416,OUT-0416,pass,,
REQ-0417,OUT-0417,pass,,
REQ-0418,OUT-0418,pass,,
REQ-0419,OUT-0419,pass,,
REQ-0420,OUT-0420,pass,,
REQ-0421,OUT-0421,pass,,
REQ-0422,OUT-0422,fail,CONSENT_EXISTS,
REQ-0423,OUT-0423,review,,AIGC_VISIBLE_LABEL
REQ-0424,OUT-0424,pass,,
REQ-0425,OUT-0425,review,,AIGC_VISIBLE_LABEL
REQ-0426,OUT-0426,pass,,
REQ-0427,OUT-0427,review,,CONTENT_SAFETY
REQ-0428,OUT-0428,pass,,
REQ-0429,OUT-0429,pass,,
REQ-0430,OUT-0430,pass,,
REQ-0431,OUT-0431,pass,,
REQ-0432,OUT-0432,pass,,
REQ-0433,OUT-0433,fail,CONSENT_EXISTS,
REQ-0434,OUT-0434,review,,CONTENT_SAFETY
REQ-0435,OUT-0435,pass,,
REQ-0436,OUT-0436,pass,,
REQ-0437,OUT-0437,pass,,
REQ-0438,OUT-0438,pass,,
REQ-0439,OUT-0439,pass,,
REQ-0440,OUT-0440,review,,AIGC_VISIBLE_LABEL
REQ-0441,OUT-0441,pass,,
REQ-0442,OUT-0442,pass,,
REQ-0443,OUT-0443,fail,"CONSENT_EXISTS,COMPLAINT_HANDLING",
REQ-0444,OUT-0444,pass,,
REQ-0445,OUT-0445,review,,CONTENT_SAFETY
REQ-0446,OUT-0446,pass,,
REQ-0447,OUT-0447,pass,,
REQ-0448,OUT-0448,pass,,
REQ-0449,OUT-0449,pass,,
REQ-0450,OUT-0450,pass,,
REQ-0451,OUT-0451,pass,,
REQ-0452,OUT-0452,pass,,
REQ-0453,OUT-0453,pass,,
REQ-0454,OUT-0454,pass,,
REQ-0455,OUT-0455,pass,,
REQ-0456,OUT-0456,pass,,
REQ-0457,OUT-0457,pass,,
REQ-0458,OUT-0458,pass,,
REQ-0459,OUT-0459,pass,,
REQ-0460,OUT-0460,review,,CONTENT_SAFETY
REQ-0461,OUT-0461,pass,,
REQ-0462,OUT-0462,pass,,
REQ-0463,OUT-0463,review,,CONTENT_SAFETY
REQ-0464,OUT-0464,pass,,
REQ-0465,OUT-0465,review,,AIGC_VISIBLE_LABEL
REQ-0466,OUT-0466,pass,,
REQ-0467,OUT-0467,pass,,
REQ-0468,OUT-0468,pass,,
REQ-0469,OUT-0469,fail,AIGC_INVISIBLE_LABEL,
REQ-0470,OUT-0470,pass,,
REQ-0471,OUT-0471,pass,,
REQ-0472,OUT-0472,review,,CONTENT_SAFETY
REQ-0473,OUT-0473,review,,AIGC_VISIBLE_LABEL
REQ-0474,OUT-0474,pass,,
REQ-0475,OUT-0475,fail,CONSENT_EXISTS,
REQ-0476,OUT-0476,pass,,
REQ-0477,OUT-0477,pass,,
REQ-0478,OUT-0478,pass,,
REQ-0479,OUT-0479,pass,,
REQ-0480,OUT-0480,pass,,
REQ-0481,OUT-0481,pass,,
REQ-0482,OUT-0482,pass,,
REQ-0483,OUT-0483,pass,,
REQ-0484,OUT-0484,fail,"CONSENT_SCOPE_USAGE,COMPLAINT_HANDLING",
REQ-0485,OUT-0485,pass,,
REQ-0486,OUT-0486,pass,,
REQ-0487,OUT-0487,review,,AIGC_VISIBLE_LABEL
REQ-0488,OUT-0488,review,,AIGC_VISIBLE_LABEL
REQ-0489,OUT-0489,pass,,
REQ-0490,OUT-0490,fail,"CONSENT_EXISTS,COMPLAINT_HANDLING",
REQ-0491,OUT-0491,pass,,
REQ-0492,OUT-0492,review,,CONTENT_SAFETY
REQ-0493,OUT-0493,fail,MODEL_FILING,
REQ-0494,OUT-0494,pass,,
REQ-0495,OUT-0495,pass,,
REQ-0496,OUT-0496,pass,,
REQ-0497,OUT-0497,pass,,
REQ-0498,OUT-0498,review,,CONTENT_SAFETY
REQ-0499,OUT-0499,pass,,
REQ-0500,OUT-0500,fail,CONSENT_SCOPE_USAGE,
REQ-0501,OUT-0501,pass,,
REQ-0502,OUT-0502,fail,MODEL_FILING,
REQ-0503,OUT-0503,pass,,
REQ-0504,OUT-0504,review,,CONTENT_SAFETY
REQ-0505,OUT-0505,review,,CONTENT_SAFETY
REQ-0506,OUT-0506,review,,AIGC_VISIBLE_LABEL
REQ-0507,OUT-0507,pass,,
REQ-0508,OUT-0508,pass,,
REQ-0509,OUT-0509,pass,,
REQ-0510,OUT-0510,review,,AIGC_VISIBLE_LABEL
REQ-0511,OUT-0511,pass,,
REQ-0512,OUT-0512,fail,AIGC_INVISIBLE_LABEL,
REQ-0513,OUT-0513,fail,CONSENT_EXISTS,
REQ-0514,OUT-0514,pass,,
REQ-0515,OUT-0515,pass,,
REQ-0516,OUT-0516,review,,CONTENT_SAFETY
REQ-0517,OUT-0517,pass,,
REQ-0518,OUT-0518,fail,"CONSENT_EXISTS,COMPLAINT_HANDLING",
REQ-0519,OUT-0519,pass,,
REQ-0520,OUT-0520,fail,CONSENT_SCOPE_USAGE,
REQ-0521,OUT-0521,pass,,
REQ-0522,OUT-0522,pass,,
REQ-0523,OUT-0523,pass,,
REQ-0524,OUT-0524,pass,,
REQ-0525,OUT-0525,pass,,
REQ-0526,OUT-0526,pass,,
REQ-0527,OUT-0527,fail,CONSENT_EXISTS,
REQ-0528,OUT-0528,fail,CONSENT_EXISTS,
REQ-0529,OUT-0529,pass,,
REQ-0530,OUT-0530,review,,CONTENT_SAFETY
REQ-0531,OUT-0531,pass,,
REQ-0532,OUT-0532,pass,,
REQ-0533,OUT-0533,fail,"CONSENT_EXISTS,COMPLAINT_HANDLING",
REQ-0534,OUT-0534,pass,,
REQ-0535,OUT-0535,review,,AIGC_VISIBLE_LABEL
REQ-0536,OUT-0536,pass,,
REQ-0537,OUT-0537,pass,,
REQ-0538,OUT-0538,pass,,
REQ-0539,OUT-0539,review,,AIGC_VISIBLE_LABEL
REQ-0540,OUT-0540,pass,,
REQ-0541,OUT-0541,pass,,
REQ-0542,OUT-0542,pass,,
REQ-0543,OUT-0543,pass,,
REQ-0544,OUT-0544,pass,,
REQ-0545,OUT-0545,review,,AIGC_VISIBLE_LABEL
REQ-0546,OUT-0546,pass,,
REQ-0547,OUT-0547,fail,CONSENT_EXISTS,
REQ-0548,OUT-0548,pass,,
REQ-0549,OUT-0549,pass,,
REQ-0550,OUT-0550,pass,,
REQ-0551,OUT-0551,pass,,
REQ-0552,OUT-0552,pass,,
REQ-0553,OUT-0553,pass,,
REQ-0554,OUT-0554,pass,,
REQ-0555,OUT-0555,pass,,
REQ-0556,OUT-0556,pass,,
REQ-0557,OUT-0557,pass,,
REQ-0558,OUT-0558,pass,,
REQ-0559,OUT-0559,pass,,
REQ-0560,OUT-0560,pass,,
REQ-0561,OUT-0561,pass,,
REQ-0562,OUT-0562,pass,,
REQ-0563,OUT-0563,pass,,
REQ-0564,OUT-0564,pass,,
REQ-0565,OUT-0565,fail,AIGC_INVISIBLE_LABEL,
REQ-0566,OUT-0566,pass,,
REQ-0567,OUT-0567,pass,,
REQ-0568,OUT-0568,review,,"CONTENT_SAFETY,COMPLAINT_HANDLING"
REQ-0569,OUT-0569,pass,,
REQ-0570,OUT-0570,pass,,
REQ-0571,OUT-0571,pass,,
REQ-0572,OUT-0572,pass,,
REQ-0573,OUT-0573,pass,,
REQ-0574,OUT-0574,pass,,
REQ-0575,OUT-0575,pass,,
REQ-0576,OUT-0576,pass,,
REQ-0577,OUT-0577,pass,,
REQ-0578,OUT-0578,pass,,
REQ-0579,OUT-0579,pass,,
REQ-0580,OUT-0580,pass,,
REQ-0581,OUT-0581,pass,,
REQ-0582,OUT-0582,pass,,
REQ-0583,OUT-0583,pass,,
REQ-0584,OUT-0584,fail,CONSENT_EXISTS,
REQ-0585,OUT-0585,pass,,
REQ-0586,OUT-0586,pass,,
REQ-0587,OUT-0587,pass,,
REQ-0588,OUT-0588,pass,,
REQ-0589,OUT-0589,pass,,
REQ-0590,OUT-0590,pass,,
REQ-0591,OUT-0591,pass,,
REQ-0592,OUT-0592,pass,,
REQ-0593,OUT-0593,pass,,
REQ-0594,OUT-0594,review,,AIGC_VISIBLE_LABEL
REQ-0595,OUT-0595,pass,,
REQ-0596,OUT-0596,pass,,
REQ-0597,OUT-0597,pass,,
REQ-0598,OUT-0598,pass,,
REQ-0599,OUT-0599,review,,CONTENT_SAFETY
REQ-0600,OUT-0600,pass,,
REQ-0601,OUT-0601,pass,,
REQ-0602,OUT-0602,review,,AIGC_VISIBLE_LABEL
REQ-0603,OUT-0603,pass,,
REQ-0604,OUT-0604,pass,,
REQ-0605,OUT-0605,pass,,
REQ-0606,OUT-0606,pass,,
REQ-0607,OUT-0607,pass,,
REQ-0608,OUT-0608,fail,MODEL_FILING,
REQ-0609,OUT-0609,pass,,
REQ-0610,OUT-0610,pass,,
REQ-0611,OUT-0611,pass,,
REQ-0612,OUT-0612,pass,,
REQ-0613,OUT-0613,pass,,
REQ-0614,OUT-0614,pass,,
REQ-0615,OUT-0615,pass,,
REQ-0616,OUT-0616,review,,AIGC_VISIBLE_LABEL
REQ-0617,OUT-0617,pass,,
REQ-0618,OUT-0618,pass,,
REQ-0619,OUT-0619,pass,,
REQ-0620,OUT-0620,pass,,
REQ-0621,OUT-0621,review,,AIGC_VISIBLE_LABEL
REQ-0622,OUT-0622,fail,MODEL_FILING,
REQ-0623,OUT-0623,review,,AIGC_VISIBLE_LABEL
REQ-0624,OUT-0624,pass,,
REQ-0625,OUT-0625,pass,,
REQ-0626,OUT-0626,pass,,
REQ-0627,OUT-0627,pass,,
REQ-0628,OUT-0628,pass,,
REQ-0629,OUT-0629,pass,,
REQ-0630,OUT-0630,review,,AIGC_VISIBLE_LABEL
REQ-0631,OUT-0631,pass,,
REQ-0632,OUT-0632,pass,,
REQ-0633,OUT-0633,pass,,
REQ-0634,OUT-0634,pass,,
REQ-0635,OUT-0635,pass,,
REQ-0636,OUT-0636,pass,,
REQ-0637,OUT-0637,pass,,
REQ-0638,OUT-0638,pass,,
REQ-0639,OUT-0639,fail,CONSENT_EXISTS,
REQ-0640,OUT-0640,pass,,
REQ-0641,OUT-0641,pass,,
REQ-0642,OUT-0642,pass,,
REQ-0643,OUT-0643,review,,CONTENT_SAFETY
REQ-0644,OUT-0644,fail,CONSENT_SCOPE_USAGE,
REQ-0645,OUT-0645,review,,CONTENT_SAFETY
REQ-0646,OUT-0646,pass,,
REQ-0647,OUT-0647,pass,,
REQ-0648,OUT-0648,pass,,
REQ-0649,OUT-0649,pass,,
REQ-0650,OUT-0650,pass,,
REQ-0651,OUT-0651,pass,,
REQ-0652,OUT-0652,pass,,
REQ-0653,OUT-0653,review,,AIGC_VISIBLE_LABEL
REQ-0654,OUT-0654,pass,,
REQ-0655,OUT-0655,pass,,
REQ-0656,OUT-0656,pass,,
REQ-0657,OUT-0657,pass,,
REQ-0658,OUT-0658,pass,,
REQ-0659,OUT-0659,pass,,
REQ-0660,OUT-0660,pass,,
REQ-0661,OUT-0661,pass,,
REQ-0662,OUT-0662,fail,CONTENT_SAFETY,
REQ-0663,OUT-0663,pass,,
REQ-0664,OUT-0664,pass,,
REQ-0665,OUT-0665,pass,,
REQ-0666,OUT-0666,pass,,
REQ-0667,OUT-0667,pass,,
REQ-0668,OUT-0668,review,,AIGC_VISIBLE_LABEL
REQ-0669,OUT-0669,pass,,
REQ-0670,OUT-0670,pass,,
REQ-0671,OUT-0671,pass,,
REQ-0672,OUT-0672,pass,,
REQ-0673,OUT-0673,pass,,
REQ-0674,OUT-0674,pass,,
REQ-0675,OUT-0675,fail,CONSENT_SCOPE_USAGE,
REQ-0676,OUT-0676,pass,,
REQ-0677,OUT-0677,pass,,
REQ-0678,OUT-0678,pass,,
REQ-0679,OUT-0679,pass,,
REQ-0680,OUT-0680,pass,,
REQ-0681,OUT-0681,pass,,
REQ-0682,OUT-0682,pass,,
REQ-0683,OUT-0683,pass,,
REQ-0684,OUT-0684,review,,AIGC_VISIBLE_LABEL
REQ-0685,OUT-0685,pass,,
REQ-0686,OUT-0686,pass,,
REQ-0687,OUT-0687,pass,,
REQ-0688,OUT-0688,pass,,
REQ-0689,OUT-0689,pass,,
REQ-0690,OUT-0690,pass,,
REQ-0691,OUT-0691,fail,CONSENT_EXISTS,
REQ-0692,OUT-0692,pass,,
REQ-0693,OUT-0693,pass,,
REQ-0694,OUT-0694,pass,,
REQ-0695,OUT-0695,pass,,
REQ-0696,OUT-0696,pass,,
REQ-0697,OUT-0697,pass,,
REQ-0698,OUT-0698,pass,,
REQ-0699,OUT-0699,pass,,
REQ-0700,OUT-0700,pass,,
REQ-0701,OUT-0701,fail,CONTENT_SAFETY,
REQ-0702,OUT-0702,pass,,
REQ-0703,OUT-0703,pass,,
REQ-0704,OUT-0704,pass,,
REQ-0705,OUT-0705,pass,,
REQ-0706,OUT-0706,pass,,
REQ-0707,OUT-0707,pass,,
REQ-0708,OUT-0708,fail,CONSENT_SCOPE_USAGE,
REQ-0709,OUT-0709,pass,,
REQ-0710,OUT-0710,fail,CONSENT_SCOPE_USAGE,
REQ-0711,OUT-0711,review,,AIGC_VISIBLE_LABEL
REQ-0712,OUT-0712,pass,,
REQ-0713,OUT-0713,pass,,
REQ-0714,OUT-0714,pass,,
REQ-0715,OUT-0715,pass,,
REQ-0716,OUT-0716,pass,,
REQ-0717,OUT-0717,pass,,
REQ-0718,OUT-0718,review,,AIGC_VISIBLE_LABEL
REQ-0719,OUT-0719,fail,CONTENT_SAFETY,
REQ-0720,OUT-0720,pass,,
REQ-0721,OUT-0721,pass,,
REQ-0722,OUT-0722,pass,,
REQ-0723,OUT-0723,pass,,
REQ-0724,OUT-0724,pass,,
REQ-0725,OUT-0725,pass,,
REQ-0726,OUT-0726,fail,"AIGC_INVISIBLE_LABEL,COMPLAINT_HANDLING",
REQ-0727,OUT-0727,pass,,
REQ-0728,OUT-0728,pass,,
REQ-0729,OUT-0729,pass,,
REQ-0730,OUT-0730,pass,,
REQ-0731,OUT-0731,pass,,
REQ-0732,OUT-0732,pass,,
REQ-0733,OUT-0733,pass,,
REQ-0734,OUT-0734,pass,,
REQ-0735,OUT-0735,review,,AIGC_VISIBLE_LABEL
REQ-0736,OUT-0736,pass,,
REQ-0737,OUT-0737,pass,,
REQ-0738,OUT-0738,pass,,
REQ-0739,OUT-0739,pass,,
REQ-0740,OUT-0740,pass,,
REQ-0741,OUT-0741,pass,,
REQ-0742,OUT-0742,pass,,
REQ-0743,OUT-0743,pass,,
REQ-0744,OUT-0744,pass,,
REQ-0745,OUT-0745,pass,,
REQ-0746,OUT-0746,pass,,
REQ-0747,OUT-0747,pass,,
REQ-0748,OUT-0748,pass,,
REQ-0749,OUT-0749,pass,,
REQ-0750,OUT-0750,pass,,
REQ-0751,OUT-0751,pass,,
REQ-0752,OUT-0752,pass,,
REQ-0753,OUT-0753,fail,CONSENT_EXISTS,
REQ-0754,OUT-0754,review,,AIGC_VISIBLE_LABEL
REQ-0755,OUT-0755,pass,,
REQ-0756,OUT-0756,pass,,
REQ-0757,OUT-0757,pass,,
REQ-0758,OUT-0758,pass,,
REQ-0759,OUT-0759,pass,,
REQ-0760,OUT-0760,pass,,
REQ-0761,OUT-0761,fail,AIGC_INVISIBLE_LABEL,
REQ-0762,OUT-0762,pass,,
REQ-0763,OUT-0763,pass,,
REQ-0764,OUT-0764,review,,CONTENT_SAFETY
REQ-0765,OUT-0765,review,,"CONTENT_SAFETY,COMPLAINT_HANDLING"
REQ-0766,OUT-0766,pass,,
REQ-0767,OUT-0767,pass,,
REQ-0768,OUT-0768,pass,,
REQ-0769,OUT-0769,pass,,
REQ-0770,OUT-0770,pass,,
REQ-0771,OUT-0771,pass,,
REQ-0772,OUT-0772,pass,,
REQ-0773,OUT-0773,review,,AIGC_VISIBLE_LABEL
REQ-0774,OUT-0774,pass,,
REQ-0775,OUT-0775,pass,,
REQ-0776,OUT-0776,pass,,
REQ-0777,OUT-0777,pass,,
REQ-0778,OUT-0778,review,,CONTENT_SAFETY
REQ-0779,OUT-0779,pass,,
REQ-0780,OUT-0780,pass,,
REQ-0781,OUT-0781,pass,,
REQ-0782,OUT-0782,pass,,
REQ-0783,OUT-0783,review,,AIGC_VISIBLE_LABEL
REQ-0784,OUT-0784,pass,,
REQ-0785,OUT-0785,fail,AIGC_INVISIBLE_LABEL,
REQ-0786,OUT-0786,review,,AIGC_VISIBLE_LABEL
REQ-0787,OUT-0787,pass,,
REQ-0788,OUT-0788,pass,,
REQ-0789,OUT-0789,pass,,
REQ-0790,OUT-0790,pass,,
REQ-0791,OUT-0791,review,,AIGC_VISIBLE_LABEL
REQ-0792,OUT-0792,pass,,
REQ-0793,OUT-0793,review,,AIGC_VISIBLE_LABEL
REQ-0794,OUT-0794,pass,,
REQ-0795,OUT-0795,pass,,
REQ-0796,OUT-0796,pass,,
REQ-0797,OUT-0797,pass,,
REQ-0798,OUT-0798,pass,,
REQ-0799,OUT-0799,pass,,
REQ-0800,OUT-0800,pass,,
REQ-0801,OUT-0801,pass,,
REQ-0802,OUT-0802,pass,,
REQ-0803,OUT-0803,review,,CONTENT_SAFETY
REQ-0804,OUT-0804,pass,,
REQ-0805,OUT-0805,pass,,
REQ-0806,OUT-0806,pass,,
REQ-0807,OUT-0807,pass,,
REQ-0808,OUT-0808,pass,,
REQ-0809,OUT-0809,pass,,
REQ-0810,OUT-0810,review,,CONTENT_SAFETY
REQ-0811,OUT-0811,pass,,
REQ-0812,OUT-0812,pass,,
REQ-0813,OUT-0813,review,,AIGC_VISIBLE_LABEL
REQ-0814,OUT-0814,pass,,
REQ-0815,OUT-0815,pass,,
REQ-0816,OUT-0816,pass,,
REQ-0817,OUT-0817,pass,,
REQ-0818,OUT-0818,pass,,
REQ-0819,OUT-0819,pass,,
REQ-0820,OUT-0820,pass,,
REQ-0821,OUT-0821,pass,,
REQ-0822,OUT-0822,pass,,
REQ-0823,OUT-0823,review,,CONTENT_SAFETY
REQ-0824,OUT-0824,fail,CONTENT_SAFETY,
REQ-0825,OUT-0825,pass,,
REQ-0826,OUT-0826,pass,,
REQ-0827,OUT-0827,pass,,
REQ-0828,OUT-0828,pass,,
REQ-0829,OUT-0829,pass,,
REQ-0830,OUT-0830,pass,,
REQ-0831,OUT-0831,pass,,
REQ-0832,OUT-0832,pass,,
REQ-0833,OUT-0833,pass,,
REQ-0834,OUT-0834,pass,,
REQ-0835,OUT-0835,pass,,
REQ-0836,OUT-0836,pass,,
REQ-0837,OUT-0837,fail,CONSENT_EXISTS,
REQ-0838,OUT-0838,pass,,
REQ-0839,OUT-0839,pass,,
REQ-0840,OUT-0840,fail,CONTENT_SAFETY,
REQ-0841,OUT-0841,pass,,
REQ-0842,OUT-0842,review,,AIGC_VISIBLE_LABEL
REQ-0843,OUT-0843,pass,,
REQ-0844,OUT-0844,pass,,
REQ-0845,OUT-0845,pass,,
REQ-0846,OUT-0846,fail,CONSENT_EXISTS,
REQ-0847,OUT-0847,pass,,
REQ-0848,OUT-0848,pass,,
REQ-0849,OUT-0849,pass,,
REQ-0850,OUT-0850,pass,,
REQ-0851,OUT-0851,pass,,
REQ-0852,OUT-0852,pass,,
REQ-0853,OUT-0853,pass,,
REQ-0854,OUT-0854,pass,,
REQ-0855,OUT-0855,pass,,
REQ-0856,OUT-0856,pass,,
REQ-0857,OUT-0857,pass,,
REQ-0858,OUT-0858,pass,,
REQ-0859,OUT-0859,pass,,
REQ-0860,OUT-0860,pass,,
REQ-0861,OUT-0861,pass,,
REQ-0862,OUT-0862,pass,,
REQ-0863,OUT-0863,pass,,
REQ-0864,OUT-0864,pass,,
REQ-0865,OUT-0865,pass,,
REQ-0866,OUT-0866,fail,CONSENT_EXISTS,
REQ-0867,OUT-0867,pass,,
REQ-0868,OUT-0868,pass,,
REQ-0869,OUT-0869,pass,,
REQ-0870,OUT-0870,pass,,
REQ-0871,OUT-0871,pass,,
REQ-0872,OUT-0872,pass,,
REQ-0873,OUT-0873,pass,,
REQ-0874,OUT-0874,pass,,
REQ-0875,OUT-0875,review,,AIGC_VISIBLE_LABEL
REQ-0876,OUT-0876,pass,,
REQ-0877,OUT-0877,pass,,
REQ-0878,OUT-0878,pass,,
REQ-0879,OUT-0879,pass,,
REQ-0880,OUT-0880,review,,CONTENT_SAFETY
REQ-0881,OUT-0881,fail,MODEL_FILING,
REQ-0882,OUT-0882,review,,AIGC_VISIBLE_LABEL
REQ-0883,OUT-0883,review,,CONTENT_SAFETY
REQ-0884,OUT-0884,pass,,
REQ-0885,OUT-0885,pass,,
REQ-0886,OUT-0886,pass,,
REQ-0887,OUT-0887,pass,,
REQ-0888,OUT-0888,pass,,
REQ-0889,OUT-0889,pass,,
REQ-0890,OUT-0890,pass,,
REQ-0891,OUT-0891,pass,,
REQ-0892,OUT-0892,pass,,
REQ-0893,OUT-0893,review,,AIGC_VISIBLE_LABEL
REQ-0894,OUT-0894,pass,,
REQ-0895,OUT-0895,pass,,
REQ-0896,OUT-0896,pass,,
REQ-0897,OUT-0897,pass,,
REQ-0898,OUT-0898,pass,,
REQ-0899,OUT-0899,pass,,
REQ-0900,OUT-0900,pass,,
REQ-0901,OUT-0901,pass,,
REQ-0902,OUT-0902,pass,,
REQ-0903,OUT-0903,pass,,
REQ-0904,OUT-0904,fail,AIGC_INVISIBLE_LABEL,
REQ-0905,OUT-0905,review,,AIGC_VISIBLE_LABEL
REQ-0906,OUT-0906,pass,,
REQ-0907,OUT-0907,review,,AIGC_VISIBLE_LABEL
REQ-0908,OUT-0908,pass,,
REQ-0909,OUT-0909,pass,,
REQ-0910,OUT-0910,pass,,
REQ-0911,OUT-0911,pass,,
REQ-0912,OUT-0912,pass,,
REQ-0913,OUT-0913,fail,CONTENT_SAFETY,
REQ-0914,OUT-0914,pass,,
REQ-0915,OUT-0915,pass,,
REQ-0916,OUT-0916,pass,,
REQ-0917,OUT-0917,pass,,
REQ-0918,OUT-0918,pass,,
REQ-0919,OUT-0919,pass,,
REQ-0920,OUT-0920,pass,,
REQ-0921,OUT-0921,pass,,
REQ-0922,OUT-0922,review,,CONTENT_SAFETY
REQ-0923,OUT-0923,pass,,
REQ-0924,OUT-0924,fail,MODEL_FILING,
REQ-0925,OUT-0925,pass,,
REQ-0926,OUT-0926,pass,,
REQ-0927,OUT-0927,pass,,
REQ-0928,OUT-0928,pass,,
REQ-0929,OUT-0929,pass,,
REQ-0930,OUT-0930,review,,CONTENT_SAFETY
REQ-0931,OUT-0931,pass,,
REQ-0932,OUT-0932,pass,,
REQ-0933,OUT-0933,pass,,
REQ-0934,OUT-0934,pass,,
REQ-0935,OUT-0935,pass,,
REQ-0936,OUT-0936,pass,,
REQ-0937,OUT-0937,pass,,
REQ-0938,OUT-0938,pass,,
REQ-0939,OUT-0939,pass,,
REQ-0940,OUT-0940,pass,,
REQ-0941,OUT-0941,pass,,
REQ-0942,OUT-0942,pass,,
REQ-0943,OUT-0943,pass,,
REQ-0944,OUT-0944,pass,,
REQ-0945,OUT-0945,pass,,
REQ-0946,OUT-0946,pass,,
REQ-0947,OUT-0947,pass,,
REQ-0948,OUT-0948,pass,,
REQ-0949,OUT-0949,pass,,
REQ-0950,OUT-0950,pass,,
REQ-0951,OUT-0951,pass,,
REQ-0952,OUT-0952,pass,,
REQ-0953,OUT-0953,pass,,
REQ-0954,OUT-0954,fail,MODEL_FILING,
REQ-0955,OUT-0955,pass,,
REQ-0956,OUT-0956,fail,CONSENT_EXISTS,
REQ-0957,OUT-0957,pass,,
REQ-0958,OUT-0958,pass,,
REQ-0959,OUT-0959,review,,CONTENT_SAFETY
REQ-0960,OUT-0960,pass,,
REQ-0961,OUT-0961,review,,CONTENT_SAFETY
REQ-0962,OUT-0962,pass,,
REQ-0963,OUT-0963,pass,,
REQ-0964,OUT-0964,pass,,
REQ-0965,OUT-0965,pass,,
REQ-0966,OUT-0966,fail,CONSENT_SCOPE_USAGE,
REQ-0967,OUT-0967,pass,,
REQ-0968,OUT-0968,pass,,
REQ-0969,OUT-0969,fail,CONSENT_EXISTS,
REQ-0970,OUT-0970,pass,,
REQ-0971,OUT-0971,review,,AIGC_VISIBLE_LABEL
REQ-0972,OUT-0972,pass,,
REQ-0973,OUT-0973,pass,,
REQ-0974,OUT-0974,pass,,
REQ-0975,OUT-0975,pass,,
REQ-0976,OUT-0976,pass,,
REQ-0977,OUT-0977,pass,,
REQ-0978,OUT-0978,pass,,
REQ-0979,OUT-0979,pass,,
REQ-0980,OUT-0980,fail,CONTENT_SAFETY,
REQ-0981,OUT-0981,fail,CONTENT_SAFETY,
REQ-0982,OUT-0982,pass,,
REQ-0983,OUT-0983,pass,,
REQ-0984,OUT-0984,pass,,
REQ-0985,OUT-0985,pass,,
REQ-0986,OUT-0986,pass,,
REQ-0987,OUT-0987,pass,,
REQ-0988,OUT-0988,pass,,
REQ-0989,OUT-0989,pass,,
REQ-0990,OUT-0990,review,,CONTENT_SAFETY
REQ-0991,OUT-0991,pass,,
REQ-0992,OUT-0992,pass,,
REQ-0993,OUT-0993,pass,,
REQ-0994,OUT-0994,pass,,
REQ-0995,OUT-0995,fail,CONSENT_SCOPE_USAGE,
REQ-0996,OUT-0996,pass,,
REQ-0997,OUT-0997,pass,,
REQ-0998,OUT-0998,pass,,
REQ-0999,OUT-0999,pass,,
REQ-1000,OUT-1000,pass,,
